{"0":{"id":362059992.0,"ranking_score":-1142.9391037737,"rating":"highly unreliable"},"1":{"id":400893998.0,"ranking_score":-1038.2365535588,"rating":"highly unreliable"},"2":{"id":440174480.0,"ranking_score":-1016.2503666255,"rating":"highly unreliable"},"3":{"id":425179559.0,"ranking_score":-897.283944258,"rating":"highly unreliable"},"4":{"id":396287667.0,"ranking_score":-784.6861968624,"rating":"highly unreliable"},"5":{"id":372088299.0,"ranking_score":-784.6573889116,"rating":"highly unreliable"},"6":{"id":364405254.0,"ranking_score":-680.4394640053,"rating":"highly unreliable"},"7":{"id":434955102.0,"ranking_score":-680.3883959553,"rating":"highly unreliable"},"8":{"id":353903028.0,"ranking_score":-680.2447706727,"rating":"highly unreliable"},"9":{"id":363717668.0,"ranking_score":-567.8773244902,"rating":"highly unreliable"}}