{"0":{"id":190962436.0,"ranking_score":1.9410927888,"rating":"highly trustable"},"1":{"id":207746318.0,"ranking_score":1.9410924096,"rating":"highly trustable"},"2":{"id":118788273.0,"ranking_score":1.9410730202,"rating":"highly trustable"},"3":{"id":193202916.0,"ranking_score":1.9406628703,"rating":"highly trustable"},"4":{"id":272133934.0,"ranking_score":1.9406440165,"rating":"highly trustable"},"5":{"id":121557243.0,"ranking_score":1.9405093875,"rating":"highly trustable"},"6":{"id":166231387.0,"ranking_score":1.9400855937,"rating":"highly trustable"},"7":{"id":212521648.0,"ranking_score":1.9389646001,"rating":"highly trustable"},"8":{"id":172597308.0,"ranking_score":1.9383326045,"rating":"highly trustable"},"9":{"id":104862694.0,"ranking_score":1.9377963398,"rating":"highly trustable"}}