{"0":{"id":438401051.0,"ranking_score":-784.8256127476,"rating":"highly unreliable"},"1":{"id":385152507.0,"ranking_score":-784.8016940581,"rating":"highly unreliable"},"2":{"id":391605412.0,"ranking_score":-784.5938600281,"rating":"highly unreliable"},"3":{"id":408543551.0,"ranking_score":-680.4313273298,"rating":"highly unreliable"},"4":{"id":381439925.0,"ranking_score":-680.4137511393,"rating":"highly unreliable"},"5":{"id":354612373.0,"ranking_score":-680.404204086,"rating":"highly unreliable"},"6":{"id":438848299.0,"ranking_score":-680.3647014013,"rating":"highly unreliable"},"7":{"id":399057205.0,"ranking_score":-680.3284665391,"rating":"highly unreliable"},"8":{"id":359595108.0,"ranking_score":-680.2770533946,"rating":"highly unreliable"},"9":{"id":431757129.0,"ranking_score":-680.2551469633,"rating":"highly unreliable"}}