{"0":{"id":348723660.0,"ranking_score":1.9312956467,"rating":"highly trustable"},"1":{"id":121287686.0,"ranking_score":1.9308432221,"rating":"highly trustable"},"2":{"id":5230639.0,"ranking_score":1.9306424736,"rating":"highly trustable"},"3":{"id":237489768.0,"ranking_score":1.9290097581,"rating":"highly trustable"},"4":{"id":363470232.0,"ranking_score":1.9286368011,"rating":"highly trustable"},"5":{"id":156466211.0,"ranking_score":1.9280422464,"rating":"highly trustable"},"6":{"id":188493044.0,"ranking_score":1.9269261391,"rating":"highly trustable"},"7":{"id":404974937.0,"ranking_score":1.9267839688,"rating":"highly trustable"},"8":{"id":197419257.0,"ranking_score":1.9239976891,"rating":"highly trustable"},"9":{"id":184544348.0,"ranking_score":1.9216714232,"rating":"highly trustable"}}