{"0":{"id":131445583.0,"ranking_score":1.9370743539,"rating":"highly trustable"},"1":{"id":4964811.0,"ranking_score":1.9370738246,"rating":"highly trustable"},"2":{"id":137586393.0,"ranking_score":1.9370723521,"rating":"highly trustable"},"3":{"id":146939399.0,"ranking_score":1.9370681603,"rating":"highly trustable"},"4":{"id":431315617.0,"ranking_score":1.9370104791,"rating":"highly trustable"},"5":{"id":353644328.0,"ranking_score":1.9368308343,"rating":"highly trustable"},"6":{"id":14083458.0,"ranking_score":1.9368286897,"rating":"highly trustable"},"7":{"id":21799973.0,"ranking_score":1.9367627378,"rating":"highly trustable"},"8":{"id":282465434.0,"ranking_score":1.9366377966,"rating":"highly trustable"},"9":{"id":441197486.0,"ranking_score":1.9364765014,"rating":"highly trustable"}}