{"0":{"id":426806899.0,"ranking_score":-1141.9278324358,"rating":"highly unreliable"},"1":{"id":413294245.0,"ranking_score":-1017.5082264564,"rating":"highly unreliable"},"2":{"id":413729973.0,"ranking_score":-598.2948269879,"rating":"highly unreliable"},"3":{"id":438630188.0,"ranking_score":-570.9978310568,"rating":"highly unreliable"},"4":{"id":421589596.0,"ranking_score":-470.5254324189,"rating":"highly unreliable"},"5":{"id":434150025.0,"ranking_score":-360.3845234337,"rating":"highly unreliable"},"6":{"id":323532467.0,"ranking_score":-360.2829996642,"rating":"highly unreliable"},"7":{"id":291515089.0,"ranking_score":-359.6068237995,"rating":"highly unreliable"},"8":{"id":376267946.0,"ranking_score":-340.3560189881,"rating":"highly unreliable"},"9":{"id":418565195.0,"ranking_score":-251.3356493614,"rating":"highly unreliable"}}